xcoord,ycoord
33.7928437736,-108.5284423828
34.0890613159,-108.8909912109
33.7745813637,-109.3908691406
34.0845119345,-109.423828125
34.2118021577,-108.4075927734